{"cameraMode":{"drawMode":0,"name":"Shaded","section":"Shading Mode"},"sceneLighting":true,"audioPlay":false,"sceneViewState":{"showFog":true,"showMaterialUpdate":false,"showSkybox":true,"showFlares":true,"showImageEffects":true,"showParticleSystems":true},"in2DMode":false,"pivot":{"x":-6.531579494476318,"y":7.824039936065674,"z":-8.159483909606934},"rotation":{"x":-0.1739153414964676,"y":-0.3039861023426056,"z":0.05654095113277435,"w":-0.9350265264511108},"size":0.8660253882408142,"orthographic":false}